items,box_types,repeat,seed,mode,runtime_ms,cartons_used,search_status,optimality_proven
5,3,1,20261008,fast,0.733,1,heuristic,False
5,3,1,20261008,best,16.504,1,optimal,True
5,3,2,20261009,fast,2.395,1,heuristic,False
5,3,2,20261009,best,23.954,1,optimal,True
5,3,3,20261010,fast,0.385,1,heuristic,False
5,3,3,20261010,best,15.81,1,optimal,True
5,5,1,20261008,fast,0.704,1,heuristic,False
5,5,1,20261008,best,13.594,1,optimal,True
5,5,2,20261009,fast,4.026,1,heuristic,False
5,5,2,20261009,best,25.181,1,optimal,True
5,5,3,20261010,fast,0.434,1,heuristic,False
5,5,3,20261010,best,16.125,1,optimal,True
5,10,1,20261008,fast,0.846,1,heuristic,False
5,10,1,20261008,best,14.047,1,optimal,True
5,10,2,20261009,fast,7.04,1,heuristic,False
5,10,2,20261009,best,30.813,1,optimal,True
5,10,3,20261010,fast,0.456,1,heuristic,False
5,10,3,20261010,best,15.51,1,optimal,True
5,15,1,20261008,fast,0.939,1,heuristic,False
5,15,1,20261008,best,13.77,1,optimal,True
5,15,2,20261009,fast,10.446,1,heuristic,False
5,15,2,20261009,best,32.166,1,optimal,True
5,15,3,20261010,fast,0.51,1,heuristic,False
5,15,3,20261010,best,15.593,1,optimal,True
5,20,1,20261008,fast,1.036,1,heuristic,False
5,20,1,20261008,best,14.215,1,optimal,True
5,20,2,20261009,fast,14.142,1,heuristic,False
5,20,2,20261009,best,36.194,1,optimal,True
5,20,3,20261010,fast,0.543,1,heuristic,False
5,20,3,20261010,best,15.488,1,optimal,True
10,3,1,20261008,fast,9.23,1,heuristic,False
10,3,1,20261008,best,59.753,1,optimal,True
10,3,2,20261009,fast,9.14,1,heuristic,False
10,3,2,20261009,best,62.859,1,optimal,True
10,3,3,20261010,fast,8.41,1,heuristic,False
10,3,3,20261010,best,61.82,1,optimal,True
10,5,1,20261008,fast,15.492,1,heuristic,False
10,5,1,20261008,best,66.621,1,optimal,True
10,5,2,20261009,fast,15.634,1,heuristic,False
10,5,2,20261009,best,86.619,1,optimal,True
10,5,3,20261010,fast,14.679,1,heuristic,False
10,5,3,20261010,best,67.775,1,optimal,True
10,10,1,20261008,fast,31.15,1,heuristic,False
10,10,1,20261008,best,82.219,1,optimal,True
10,10,2,20261009,fast,29.979,1,heuristic,False
10,10,2,20261009,best,85.463,1,optimal,True
10,10,3,20261010,fast,28.54,1,heuristic,False
10,10,3,20261010,best,83.572,1,optimal,True
10,15,1,20261008,fast,47.133,1,heuristic,False
10,15,1,20261008,best,97.319,1,optimal,True
10,15,2,20261009,fast,44.419,1,heuristic,False
10,15,2,20261009,best,103.001,1,optimal,True
10,15,3,20261010,fast,42.027,1,heuristic,False
10,15,3,20261010,best,95.917,1,optimal,True
10,20,1,20261008,fast,61.488,1,heuristic,False
10,20,1,20261008,best,112.528,1,optimal,True
10,20,2,20261009,fast,59.051,1,heuristic,False
10,20,2,20261009,best,113.873,1,optimal,True
10,20,3,20261010,fast,55.176,1,heuristic,False
10,20,3,20261010,best,110.893,1,optimal,True
15,3,1,20261008,fast,18.547,1,heuristic,False
15,3,1,20261008,best,126.41,1,optimal,True
15,3,2,20261009,fast,21.344,1,heuristic,False
15,3,2,20261009,best,133.285,1,optimal,True
15,3,3,20261010,fast,19.286,1,heuristic,False
15,3,3,20261010,best,129.95,1,optimal,True
15,5,1,20261008,fast,32.756,1,heuristic,False
15,5,1,20261008,best,140.93,1,optimal,True
15,5,2,20261009,fast,30.613,1,heuristic,False
15,5,2,20261009,best,141.625,1,optimal,True
15,5,3,20261010,fast,32.596,1,heuristic,False
15,5,3,20261010,best,148.565,1,optimal,True
15,10,1,20261008,fast,61.237,1,heuristic,False
15,10,1,20261008,best,172.986,1,optimal,True
15,10,2,20261009,fast,65.523,1,heuristic,False
15,10,2,20261009,best,180.598,1,optimal,True
15,10,3,20261010,fast,66.297,1,heuristic,False
15,10,3,20261010,best,180.381,1,optimal,True
15,15,1,20261008,fast,95.788,1,heuristic,False
15,15,1,20261008,best,213.045,1,optimal,True
15,15,2,20261009,fast,97.623,1,heuristic,False
15,15,2,20261009,best,216.59,1,optimal,True
15,15,3,20261010,fast,96.967,1,heuristic,False
15,15,3,20261010,best,218.232,1,optimal,True
15,20,1,20261008,fast,128.221,1,heuristic,False
15,20,1,20261008,best,245.501,1,optimal,True
15,20,2,20261009,fast,130.663,1,heuristic,False
15,20,2,20261009,best,253.952,1,optimal,True
15,20,3,20261010,fast,126.909,1,heuristic,False
15,20,3,20261010,best,246.359,1,optimal,True
20,3,1,20261008,fast,31.802,1,heuristic,False
20,3,1,20261008,best,223.157,1,optimal,True
20,3,2,20261009,fast,35.305,1,heuristic,False
20,3,2,20261009,best,235.217,1,optimal,True
20,3,3,20261010,fast,31.197,1,heuristic,False
20,3,3,20261010,best,223.01,1,optimal,True
20,5,1,20261008,fast,46.836,1,heuristic,False
20,5,1,20261008,best,244.054,1,optimal,True
20,5,2,20261009,fast,52.644,1,heuristic,False
20,5,2,20261009,best,251.75,1,optimal,True
20,5,3,20261010,fast,46.201,1,heuristic,False
20,5,3,20261010,best,248.16,1,optimal,True
20,10,1,20261008,fast,101.66,1,heuristic,False
20,10,1,20261008,best,310.666,1,optimal,True
20,10,2,20261009,fast,110.28,1,heuristic,False
20,10,2,20261009,best,317.655,1,optimal,True
20,10,3,20261010,fast,95.636,1,heuristic,False
20,10,3,20261010,best,292.265,1,optimal,True
20,15,1,20261008,fast,144.964,1,heuristic,False
20,15,1,20261008,best,336.839,1,optimal,True
20,15,2,20261009,fast,156.953,1,heuristic,False
20,15,2,20261009,best,358.091,1,optimal,True
20,15,3,20261010,fast,140.212,1,heuristic,False
20,15,3,20261010,best,338.951,1,optimal,True
20,20,1,20261008,fast,184.952,1,heuristic,False
20,20,1,20261008,best,377.503,1,optimal,True
20,20,2,20261009,fast,209.297,1,heuristic,False
20,20,2,20261009,best,414.91,1,optimal,True
20,20,3,20261010,fast,186.945,1,heuristic,False
20,20,3,20261010,best,386.796,1,optimal,True
30,3,1,20261008,fast,44.265,1,heuristic,False
30,3,1,20261008,best,471.36,1,optimal,True
30,3,2,20261009,fast,53.501,1,heuristic,False
30,3,2,20261009,best,493.63,1,optimal,True
30,3,3,20261010,fast,57.024,1,heuristic,False
30,3,3,20261010,best,490.209,1,optimal,True
30,5,1,20261008,fast,78.945,1,heuristic,False
30,5,1,20261008,best,511.892,1,optimal,True
30,5,2,20261009,fast,91.267,1,heuristic,False
30,5,2,20261009,best,546.167,1,optimal,True
30,5,3,20261010,fast,103.039,1,heuristic,False
30,5,3,20261010,best,562.555,1,optimal,True
30,10,1,20261008,fast,155.446,1,heuristic,False
30,10,1,20261008,best,599.272,1,optimal,True
30,10,2,20261009,fast,173.743,1,heuristic,False
30,10,2,20261009,best,632.985,1,optimal,True
30,10,3,20261010,fast,190.941,1,heuristic,False
30,10,3,20261010,best,630.95,1,optimal,True
30,15,1,20261008,fast,188.675,1,heuristic,False
30,15,1,20261008,best,617.558,1,optimal,True
30,15,2,20261009,fast,219.847,1,heuristic,False
30,15,2,20261009,best,664.147,1,optimal,True
30,15,3,20261010,fast,317.546,1,heuristic,False
30,15,3,20261010,best,779.05,1,optimal,True
30,20,1,20261008,fast,266.075,1,heuristic,False
30,20,1,20261008,best,709.141,1,optimal,True
30,20,2,20261009,fast,304.484,1,heuristic,False
30,20,2,20261009,best,750.734,1,optimal,True
30,20,3,20261010,fast,392.811,1,heuristic,False
30,20,3,20261010,best,839.747,1,optimal,True
50,3,1,20261008,fast,358.172,2,heuristic,False
50,3,1,20261008,best,4524.484,2,time_limit,False
50,3,2,20261009,fast,449.356,2,heuristic,False
50,3,2,20261009,best,4463.814,2,time_limit,False
50,3,3,20261010,fast,470.314,2,heuristic,False
50,3,3,20261010,best,4454.384,2,time_limit,False
50,5,1,20261008,fast,805.822,2,heuristic,False
50,5,1,20261008,best,4792.171,2,time_limit,False
50,5,2,20261009,fast,972.357,2,heuristic,False
50,5,2,20261009,best,4880.683,2,time_limit,False
50,5,3,20261010,fast,1069.614,2,heuristic,False
50,5,3,20261010,best,5092.112,2,time_limit,False
50,10,1,20261008,fast,2609.132,2,heuristic,False
50,10,1,20261008,best,5078.611,2,time_limit,False
50,10,2,20261009,fast,3394.314,2,heuristic,False
50,10,2,20261009,best,5086.32,2,time_limit,False
50,10,3,20261010,fast,3709.065,2,heuristic,False
50,10,3,20261010,best,5073.675,2,time_limit,False
50,15,1,20261008,fast,5976.608,2,heuristic,False
50,15,1,20261008,best,5963.187,2,time_limit,False
50,15,2,20261009,fast,7125.422,2,heuristic,False
50,15,2,20261009,best,7090.2,2,time_limit,False
50,15,3,20261010,fast,8469.403,2,heuristic,False
50,15,3,20261010,best,8534.956,2,time_limit,False
50,20,1,20261008,fast,9953.186,2,heuristic,False
50,20,1,20261008,best,9969.894,2,time_limit,False
50,20,2,20261009,fast,12684.524,2,heuristic,False
50,20,2,20261009,best,12781.61,2,time_limit,False
50,20,3,20261010,fast,14212.896,2,heuristic,False
50,20,3,20261010,best,14057.395,2,time_limit,False
75,3,1,20261008,fast,330.811,2,heuristic,False
75,3,1,20261008,best,5162.515,2,time_limit,False
75,3,2,20261009,fast,387.385,2,heuristic,False
75,3,2,20261009,best,5160.139,2,time_limit,False
75,3,3,20261010,fast,346.956,2,heuristic,False
75,3,3,20261010,best,5131.279,2,time_limit,False
75,5,1,20261008,fast,584.84,2,heuristic,False
75,5,1,20261008,best,5182.359,2,time_limit,False
75,5,2,20261009,fast,711.106,2,heuristic,False
75,5,2,20261009,best,5178.212,2,time_limit,False
75,5,3,20261010,fast,664.932,2,heuristic,False
75,5,3,20261010,best,5177.952,2,time_limit,False
75,10,1,20261008,fast,1145.647,2,heuristic,False
75,10,1,20261008,best,5185.52,2,time_limit,False
75,10,2,20261009,fast,1849.973,2,heuristic,False
75,10,2,20261009,best,5146.048,2,time_limit,False
75,10,3,20261010,fast,2621.755,2,heuristic,False
75,10,3,20261010,best,5235.579,2,time_limit,False
75,15,1,20261008,fast,1715.129,2,heuristic,False
75,15,1,20261008,best,5194.27,2,time_limit,False
75,15,2,20261009,fast,2925.763,2,heuristic,False
75,15,2,20261009,best,5532.872,2,time_limit,False
75,15,3,20261010,fast,4699.042,2,heuristic,False
75,15,3,20261010,best,7367.45,2,time_limit,False
75,20,1,20261008,fast,3244.186,2,heuristic,False
75,20,1,20261008,best,5927.772,2,time_limit,False
75,20,2,20261009,fast,4981.054,2,heuristic,False
75,20,2,20261009,best,5030.455,2,time_limit,False
75,20,3,20261010,fast,8479.134,2,heuristic,False
75,20,3,20261010,best,8643.499,2,time_limit,False
100,3,1,20261008,fast,992.399,3,heuristic,False
100,3,1,20261008,best,8109.462,3,time_limit,False
100,3,2,20261009,fast,1119.391,3,heuristic,False
100,3,2,20261009,best,8715.205,3,time_limit,False
100,3,3,20261010,fast,1937.874,3,heuristic,False
100,3,3,20261010,best,9432.717,3,time_limit,False
100,5,1,20261008,fast,2052.502,3,heuristic,False
100,5,1,20261008,best,9413.941,3,time_limit,False
100,5,2,20261009,fast,3609.521,3,heuristic,False
100,5,2,20261009,best,10931.053,3,time_limit,False
100,5,3,20261010,fast,5069.058,3,heuristic,False
100,5,3,20261010,best,5056.581,3,time_limit,False
100,10,1,20261008,fast,7309.62,3,heuristic,False
100,10,1,20261008,best,7210.325,3,time_limit,False
100,10,2,20261009,fast,12105.968,3,heuristic,False
100,10,2,20261009,best,12093.595,3,time_limit,False
100,10,3,20261010,fast,23902.215,3,heuristic,False
100,10,3,20261010,best,23236.002,3,time_limit,False
100,15,1,20261008,fast,17921.242,3,heuristic,False
100,15,1,20261008,best,18276.066,3,time_limit,False
100,15,2,20261009,fast,34780.517,3,heuristic,False
100,15,2,20261009,best,34770.934,3,time_limit,False
100,15,3,20261010,fast,64817.896,3,heuristic,False
100,15,3,20261010,best,65216.107,3,time_limit,False
100,20,1,20261008,fast,36800.795,3,heuristic,False
100,20,1,20261008,best,37296.104,3,time_limit,False
100,20,2,20261009,fast,74014.998,3,heuristic,False
100,20,2,20261009,best,75367.279,3,time_limit,False
100,20,3,20261010,fast,139067.392,3,heuristic,False
100,20,3,20261010,best,138175.535,3,time_limit,False
