items,box_types,mode,median_runtime_ms,max_runtime_ms,median_cartons_used,time_limit_rate,optimality_proven_rate
5,3,best,16.504,23.954,1,0.0,1.0
5,3,fast,0.733,2.395,1,0.0,0.0
5,5,best,16.125,25.181,1,0.0,1.0
5,5,fast,0.704,4.026,1,0.0,0.0
5,10,best,15.51,30.813,1,0.0,1.0
5,10,fast,0.846,7.04,1,0.0,0.0
5,15,best,15.593,32.166,1,0.0,1.0
5,15,fast,0.939,10.446,1,0.0,0.0
5,20,best,15.488,36.194,1,0.0,1.0
5,20,fast,1.036,14.142,1,0.0,0.0
10,3,best,61.82,62.859,1,0.0,1.0
10,3,fast,9.14,9.23,1,0.0,0.0
10,5,best,67.775,86.619,1,0.0,1.0
10,5,fast,15.492,15.634,1,0.0,0.0
10,10,best,83.572,85.463,1,0.0,1.0
10,10,fast,29.979,31.15,1,0.0,0.0
10,15,best,97.319,103.001,1,0.0,1.0
10,15,fast,44.419,47.133,1,0.0,0.0
10,20,best,112.528,113.873,1,0.0,1.0
10,20,fast,59.051,61.488,1,0.0,0.0
15,3,best,129.95,133.285,1,0.0,1.0
15,3,fast,19.286,21.344,1,0.0,0.0
15,5,best,141.625,148.565,1,0.0,1.0
15,5,fast,32.596,32.756,1,0.0,0.0
15,10,best,180.381,180.598,1,0.0,1.0
15,10,fast,65.523,66.297,1,0.0,0.0
15,15,best,216.59,218.232,1,0.0,1.0
15,15,fast,96.967,97.623,1,0.0,0.0
15,20,best,246.359,253.952,1,0.0,1.0
15,20,fast,128.221,130.663,1,0.0,0.0
20,3,best,223.157,235.217,1,0.0,1.0
20,3,fast,31.802,35.305,1,0.0,0.0
20,5,best,248.16,251.75,1,0.0,1.0
20,5,fast,46.836,52.644,1,0.0,0.0
20,10,best,310.666,317.655,1,0.0,1.0
20,10,fast,101.66,110.28,1,0.0,0.0
20,15,best,338.951,358.091,1,0.0,1.0
20,15,fast,144.964,156.953,1,0.0,0.0
20,20,best,386.796,414.91,1,0.0,1.0
20,20,fast,186.945,209.297,1,0.0,0.0
30,3,best,490.209,493.63,1,0.0,1.0
30,3,fast,53.501,57.024,1,0.0,0.0
30,5,best,546.167,562.555,1,0.0,1.0
30,5,fast,91.267,103.039,1,0.0,0.0
30,10,best,630.95,632.985,1,0.0,1.0
30,10,fast,173.743,190.941,1,0.0,0.0
30,15,best,664.147,779.05,1,0.0,1.0
30,15,fast,219.847,317.546,1,0.0,0.0
30,20,best,750.734,839.747,1,0.0,1.0
30,20,fast,304.484,392.811,1,0.0,0.0
50,3,best,4463.814,4524.484,2,1.0,0.0
50,3,fast,449.356,470.314,2,0.0,0.0
50,5,best,4880.683,5092.112,2,1.0,0.0
50,5,fast,972.357,1069.614,2,0.0,0.0
50,10,best,5078.611,5086.32,2,1.0,0.0
50,10,fast,3394.314,3709.065,2,0.0,0.0
50,15,best,7090.2,8534.956,2,1.0,0.0
50,15,fast,7125.422,8469.403,2,0.0,0.0
50,20,best,12781.61,14057.395,2,1.0,0.0
50,20,fast,12684.524,14212.896,2,0.0,0.0
75,3,best,5160.139,5162.515,2,1.0,0.0
75,3,fast,346.956,387.385,2,0.0,0.0
75,5,best,5178.212,5182.359,2,1.0,0.0
75,5,fast,664.932,711.106,2,0.0,0.0
75,10,best,5185.52,5235.579,2,1.0,0.0
75,10,fast,1849.973,2621.755,2,0.0,0.0
75,15,best,5532.872,7367.45,2,1.0,0.0
75,15,fast,2925.763,4699.042,2,0.0,0.0
75,20,best,5927.772,8643.499,2,1.0,0.0
75,20,fast,4981.054,8479.134,2,0.0,0.0
100,3,best,8715.205,9432.717,3,1.0,0.0
100,3,fast,1119.391,1937.874,3,0.0,0.0
100,5,best,9413.941,10931.053,3,1.0,0.0
100,5,fast,3609.521,5069.058,3,0.0,0.0
100,10,best,12093.595,23236.002,3,1.0,0.0
100,10,fast,12105.968,23902.215,3,0.0,0.0
100,15,best,34770.934,65216.107,3,1.0,0.0
100,15,fast,34780.517,64817.896,3,0.0,0.0
100,20,best,75367.279,138175.535,3,1.0,0.0
100,20,fast,74014.998,139067.392,3,0.0,0.0
